-- phpMyAdmin SQL Dump
-- version 5.0.1
-- https://www.phpmyadmin.net/
--
-- Host: 127.0.0.1
-- Generation Time: Nov 02, 2021 at 10:15 AM
-- Server version: 10.3.29-MariaDB-0+deb10u1
-- PHP Version: 7.3.29-1~deb10u1

SET SQL_MODE = "NO_AUTO_VALUE_ON_ZERO";
SET AUTOCOMMIT = 0;
START TRANSACTION;
SET time_zone = "+00:00";


/*!40101 SET @OLD_CHARACTER_SET_CLIENT=@@CHARACTER_SET_CLIENT */;
/*!40101 SET @OLD_CHARACTER_SET_RESULTS=@@CHARACTER_SET_RESULTS */;
/*!40101 SET @OLD_COLLATION_CONNECTION=@@COLLATION_CONNECTION */;
/*!40101 SET NAMES utf8mb4 */;

--
-- Database: `aqms_fs2`
--

-- --------------------------------------------------------

--
-- Table structure for table `a_groups`
--

CREATE TABLE `a_groups` (
  `id` int(10) UNSIGNED NOT NULL,
  `name` varchar(50) NOT NULL,
  `menu_ids` text NOT NULL DEFAULT '',
  `privileges` text NOT NULL DEFAULT '',
  `xtimestamp` timestamp NOT NULL DEFAULT current_timestamp() ON UPDATE current_timestamp()
) ENGINE=InnoDB DEFAULT CHARSET=utf8;

--
-- Dumping data for table `a_groups`
--

INSERT INTO `a_groups` (`id`, `name`, `menu_ids`, `privileges`, `xtimestamp`) VALUES
(1, 'Administrator', '1,2,3,4,5,', '15,15,15,15,15,', '2021-05-20 04:25:19'),
(2, 'Operator', '1,4,5,', '15,15,15,', '2021-05-20 04:25:19');

-- --------------------------------------------------------

--
-- Table structure for table `a_menu`
--

CREATE TABLE `a_menu` (
  `id` int(10) UNSIGNED NOT NULL,
  `seqno` int(11) NOT NULL DEFAULT 0,
  `parent_id` int(11) NOT NULL DEFAULT 0,
  `name_id` varchar(100) NOT NULL DEFAULT '',
  `name_en` varchar(100) NOT NULL DEFAULT '',
  `url` varchar(255) NOT NULL DEFAULT '',
  `icon` varchar(100) NOT NULL DEFAULT '',
  `xtimestamp` timestamp NOT NULL DEFAULT current_timestamp() ON UPDATE current_timestamp()
) ENGINE=InnoDB DEFAULT CHARSET=utf8;

--
-- Dumping data for table `a_menu`
--

INSERT INTO `a_menu` (`id`, `seqno`, `parent_id`, `name_id`, `name_en`, `url`, `icon`, `xtimestamp`) VALUES
(1, 1, 0, 'Beranda', 'Home', '/', '', '2021-05-20 04:25:19'),
(2, 2, 0, 'Konfigurasi', 'Configuration', 'configuration', '', '2021-05-20 04:25:19'),
(3, 3, 0, 'Parameter', 'Parameters', 'parameter', '', '2021-05-20 04:25:19'),
(4, 4, 0, 'Kalibrasi', 'Calibrations', 'calibration', '', '2021-05-20 04:25:19'),
(5, 5, 0, 'Ekspor', 'Export', 'export', '', '2021-05-20 04:25:19');

-- --------------------------------------------------------

--
-- Table structure for table `a_users`
--

CREATE TABLE `a_users` (
  `id` int(10) UNSIGNED NOT NULL,
  `group_id` int(11) NOT NULL DEFAULT 0,
  `email` varchar(100) NOT NULL DEFAULT '0',
  `password` varchar(255) NOT NULL DEFAULT '',
  `name` varchar(100) NOT NULL DEFAULT '',
  `xtimestamp` timestamp NOT NULL DEFAULT current_timestamp() ON UPDATE current_timestamp()
) ENGINE=InnoDB DEFAULT CHARSET=utf8;

--
-- Dumping data for table `a_users`
--

INSERT INTO `a_users` (`id`, `group_id`, `email`, `password`, `name`, `xtimestamp`) VALUES
(1, 0, 'superuser@aqms', '$argon2i$v=19$m=65536,t=4,p=1$R1FSbEMwYWZRWlJKMEwuTg$Wdl4gb5ugJWwGuFdqpjYdqLrSLRCfKAadUxA3LV1tTw', 'Superuser', '2021-05-20 04:25:20'),
(2, 1, 'admin@aqms', '$argon2i$v=19$m=65536,t=4,p=1$R1FSbEMwYWZRWlJKMEwuTg$Wdl4gb5ugJWwGuFdqpjYdqLrSLRCfKAadUxA3LV1tTw', 'Adminstrator', '2021-05-20 04:25:20'),
(3, 2, 'operator@aqms', '$argon2i$v=19$m=65536,t=4,p=1$R1FSbEMwYWZRWlJKMEwuTg$Wdl4gb5ugJWwGuFdqpjYdqLrSLRCfKAadUxA3LV1tTw', 'Operator', '2021-05-20 04:25:20');

-- --------------------------------------------------------

--
-- Table structure for table `configurations`
--

CREATE TABLE `configurations` (
  `id` int(10) UNSIGNED NOT NULL,
  `name` varchar(50) NOT NULL,
  `content` varchar(200) NOT NULL
) ENGINE=InnoDB DEFAULT CHARSET=utf8;

--
-- Dumping data for table `configurations`
--

INSERT INTO `configurations` (`id`, `name`, `content`) VALUES
(1, 'aqms_code', 'AQMS_FS2'),
(2, 'id_stasiun', 'AQMS_MASTER'),
(3, 'nama_stasiun', 'TRUSUR'),
(4, 'address', 'CIBUBUR'),
(5, 'city', 'JAKARTA'),
(6, 'province', 'DKI JAKARTA'),
(7, 'latitude', '0'),
(8, 'longitude', '0'),
(9, 'pump_interval', '360'),
(10, 'pump_state', '0'),
(11, 'pump_last', '2021-11-02 05:44:46'),
(12, 'pump_speed', '50'),
(13, 'selenoid_state', 'q'),
(14, 'selenoid_names', ''),
(15, 'selenoid_commands', 'q;w;e;r'),
(16, 'purge_state', 'o'),
(17, 'data_interval', '15'),
(18, 'graph_interval', '0'),
(19, 'is_sampling', '0'),
(20, 'sampler_operator_name', ''),
(21, 'id_sampling', ''),
(22, 'start_sampling', '0');

-- --------------------------------------------------------

--
-- Table structure for table `ispu`
--

CREATE TABLE `ispu` (
  `id` int(10) UNSIGNED NOT NULL,
  `ispu_at` datetime NOT NULL,
  `parameter_id` int(11) NOT NULL DEFAULT 0,
  `value` double NOT NULL DEFAULT 0,
  `ispu` int(11) NOT NULL DEFAULT 0,
  `xtimestamp` timestamp NOT NULL DEFAULT current_timestamp() ON UPDATE current_timestamp()
) ENGINE=InnoDB DEFAULT CHARSET=utf8;

-- --------------------------------------------------------

--
-- Table structure for table `measurements`
--

CREATE TABLE `measurements` (
  `id` bigint(20) UNSIGNED NOT NULL,
  `time_group` datetime NOT NULL,
  `parameter_id` int(11) NOT NULL DEFAULT 0,
  `value` double NOT NULL DEFAULT 0,
  `sensor_value` double NOT NULL DEFAULT 0,
  `is_sent_cloud` tinyint(4) NOT NULL DEFAULT 0,
  `sent_cloud_at` datetime NOT NULL,
  `is_sent_klhk` tinyint(4) NOT NULL DEFAULT 0,
  `sent_klhk_at` datetime NOT NULL,
  `xtimestamp` timestamp NOT NULL DEFAULT current_timestamp() ON UPDATE current_timestamp()
) ENGINE=InnoDB DEFAULT CHARSET=utf8;

--
-- Dumping data for table `measurements`
--

INSERT INTO `measurements` (`id`, `time_group`, `parameter_id`, `value`, `sensor_value`, `is_sent_cloud`, `sent_cloud_at`, `is_sent_klhk`, `sent_klhk_at`, `xtimestamp`) VALUES
(12953, '2021-11-02 08:30:00', 1, 723, 0, 1, '2021-11-02 08:30:07', 0, '0000-00-00 00:00:00', '2021-11-02 01:30:07'),
(12954, '2021-11-02 08:30:00', 2, 16, 0, 1, '2021-11-02 08:30:07', 0, '0000-00-00 00:00:00', '2021-11-02 01:30:07'),
(12955, '2021-11-02 08:30:00', 3, 392, 0, 1, '2021-11-02 08:30:07', 0, '0000-00-00 00:00:00', '2021-11-02 01:30:07'),
(12956, '2021-11-02 08:30:00', 4, 588, 0, 1, '2021-11-02 08:30:07', 0, '0000-00-00 00:00:00', '2021-11-02 01:30:07'),
(12957, '2021-11-02 08:30:00', 5, 936, 0, 1, '2021-11-02 08:30:07', 0, '0000-00-00 00:00:00', '2021-11-02 01:30:07'),
(12958, '2021-11-02 08:30:00', 12, 81, 0, 1, '2021-11-02 08:30:07', 0, '0000-00-00 00:00:00', '2021-11-02 01:30:07'),
(12959, '2021-11-02 08:30:00', 13, 2, 0, 1, '2021-11-02 08:30:07', 0, '0000-00-00 00:00:00', '2021-11-02 01:30:07'),
(12960, '2021-11-02 08:30:00', 14, 81, 0, 1, '2021-11-02 08:30:07', 0, '0000-00-00 00:00:00', '2021-11-02 01:30:07'),
(12961, '2021-11-02 08:30:00', 15, 2.1, 0, 1, '2021-11-02 08:30:07', 0, '0000-00-00 00:00:00', '2021-11-02 01:30:07'),
(12962, '2021-11-02 08:30:00', 18, 1004.06, 0, 1, '2021-11-02 08:30:07', 0, '0000-00-00 00:00:00', '2021-11-02 01:30:07'),
(12963, '2021-11-02 08:30:00', 19, 81, 0, 1, '2021-11-02 08:30:07', 0, '0000-00-00 00:00:00', '2021-11-02 01:30:07'),
(12964, '2021-11-02 08:30:00', 20, 0, 0, 1, '2021-11-02 08:30:07', 0, '0000-00-00 00:00:00', '2021-11-02 01:30:07'),
(12965, '2021-11-02 08:30:00', 21, 25.4, 0, 1, '2021-11-02 08:30:07', 0, '0000-00-00 00:00:00', '2021-11-02 01:30:07'),
(12966, '2021-11-02 08:30:00', 22, 40, 0, 1, '2021-11-02 08:30:07', 0, '0000-00-00 00:00:00', '2021-11-02 01:30:07'),
(12967, '2021-11-02 08:30:00', 23, 0, 0, 1, '2021-11-02 08:30:07', 0, '0000-00-00 00:00:00', '2021-11-02 01:30:07'),
(12968, '2021-11-02 08:30:00', 24, 0, 0, 1, '2021-11-02 08:30:07', 0, '0000-00-00 00:00:00', '2021-11-02 01:30:07'),
(12969, '2021-11-02 08:45:00', 1, 724, 0, 1, '2021-11-02 08:45:08', 0, '0000-00-00 00:00:00', '2021-11-02 01:45:08'),
(12970, '2021-11-02 08:45:00', 2, 16, 0, 1, '2021-11-02 08:45:08', 0, '0000-00-00 00:00:00', '2021-11-02 01:45:08'),
(12971, '2021-11-02 08:45:00', 3, 392, 0, 1, '2021-11-02 08:45:08', 0, '0000-00-00 00:00:00', '2021-11-02 01:45:08'),
(12972, '2021-11-02 08:45:00', 4, 587, 0, 1, '2021-11-02 08:45:08', 0, '0000-00-00 00:00:00', '2021-11-02 01:45:08'),
(12973, '2021-11-02 08:45:00', 5, 935, 0, 1, '2021-11-02 08:45:08', 0, '0000-00-00 00:00:00', '2021-11-02 01:45:08'),
(12974, '2021-11-02 08:45:00', 12, 81, 0, 1, '2021-11-02 08:45:08', 0, '0000-00-00 00:00:00', '2021-11-02 01:45:08'),
(12975, '2021-11-02 08:45:00', 13, 2.1, 0, 1, '2021-11-02 08:45:08', 0, '0000-00-00 00:00:00', '2021-11-02 01:45:08'),
(12976, '2021-11-02 08:45:00', 14, 81, 0, 1, '2021-11-02 08:45:08', 0, '0000-00-00 00:00:00', '2021-11-02 01:45:08'),
(12977, '2021-11-02 08:45:00', 15, 2.1, 0, 1, '2021-11-02 08:45:08', 0, '0000-00-00 00:00:00', '2021-11-02 01:45:08'),
(12978, '2021-11-02 08:45:00', 18, 1004.06, 0, 1, '2021-11-02 08:45:08', 0, '0000-00-00 00:00:00', '2021-11-02 01:45:08'),
(12979, '2021-11-02 08:45:00', 19, 81, 0, 1, '2021-11-02 08:45:08', 0, '0000-00-00 00:00:00', '2021-11-02 01:45:08'),
(12980, '2021-11-02 08:45:00', 20, 0, 0, 1, '2021-11-02 08:45:08', 0, '0000-00-00 00:00:00', '2021-11-02 01:45:08'),
(12981, '2021-11-02 08:45:00', 21, 25.3, 0, 1, '2021-11-02 08:45:08', 0, '0000-00-00 00:00:00', '2021-11-02 01:45:08'),
(12982, '2021-11-02 08:45:00', 22, 45, 0, 1, '2021-11-02 08:45:08', 0, '0000-00-00 00:00:00', '2021-11-02 01:45:08'),
(12983, '2021-11-02 08:45:00', 23, 0, 0, 1, '2021-11-02 08:45:08', 0, '0000-00-00 00:00:00', '2021-11-02 01:45:08'),
(12984, '2021-11-02 08:45:00', 24, 0, 0, 1, '2021-11-02 08:45:08', 0, '0000-00-00 00:00:00', '2021-11-02 01:45:08'),
(12985, '2021-11-02 09:00:00', 1, 724, 0, 1, '2021-11-02 09:00:10', 0, '0000-00-00 00:00:00', '2021-11-02 02:00:10'),
(12986, '2021-11-02 09:00:00', 2, 16, 0, 1, '2021-11-02 09:00:10', 0, '0000-00-00 00:00:00', '2021-11-02 02:00:10'),
(12987, '2021-11-02 09:00:00', 3, 392, 0, 1, '2021-11-02 09:00:10', 0, '0000-00-00 00:00:00', '2021-11-02 02:00:10'),
(12988, '2021-11-02 09:00:00', 4, 587, 0, 1, '2021-11-02 09:00:10', 0, '0000-00-00 00:00:00', '2021-11-02 02:00:10'),
(12989, '2021-11-02 09:00:00', 5, 936, 0, 1, '2021-11-02 09:00:10', 0, '0000-00-00 00:00:00', '2021-11-02 02:00:10'),
(12990, '2021-11-02 09:00:00', 12, 82, 0, 1, '2021-11-02 09:00:10', 0, '0000-00-00 00:00:00', '2021-11-02 02:00:10'),
(12991, '2021-11-02 09:00:00', 13, 2, 0, 1, '2021-11-02 09:00:10', 0, '0000-00-00 00:00:00', '2021-11-02 02:00:10'),
(12992, '2021-11-02 09:00:00', 14, 81, 0, 1, '2021-11-02 09:00:10', 0, '0000-00-00 00:00:00', '2021-11-02 02:00:10'),
(12993, '2021-11-02 09:00:00', 15, 2.1, 0, 1, '2021-11-02 09:00:10', 0, '0000-00-00 00:00:00', '2021-11-02 02:00:10'),
(12994, '2021-11-02 09:00:00', 18, 1004.1, 0, 1, '2021-11-02 09:00:10', 0, '0000-00-00 00:00:00', '2021-11-02 02:00:10'),
(12995, '2021-11-02 09:00:00', 19, 81, 0, 1, '2021-11-02 09:00:10', 0, '0000-00-00 00:00:00', '2021-11-02 02:00:10'),
(12996, '2021-11-02 09:00:00', 20, 0, 0, 1, '2021-11-02 09:00:10', 0, '0000-00-00 00:00:00', '2021-11-02 02:00:10'),
(12997, '2021-11-02 09:00:00', 21, 25.3, 0, 1, '2021-11-02 09:00:10', 0, '0000-00-00 00:00:00', '2021-11-02 02:00:10'),
(12998, '2021-11-02 09:00:00', 22, 46, 0, 1, '2021-11-02 09:00:10', 0, '0000-00-00 00:00:00', '2021-11-02 02:00:10'),
(12999, '2021-11-02 09:00:00', 23, 0, 0, 1, '2021-11-02 09:00:10', 0, '0000-00-00 00:00:00', '2021-11-02 02:00:10'),
(13000, '2021-11-02 09:00:00', 24, 0, 0, 1, '2021-11-02 09:00:10', 0, '0000-00-00 00:00:00', '2021-11-02 02:00:10'),
(13001, '2021-11-02 09:15:00', 1, 723, 0, 1, '2021-11-02 09:15:10', 0, '0000-00-00 00:00:00', '2021-11-02 02:15:10'),
(13002, '2021-11-02 09:15:00', 2, 15, 0, 1, '2021-11-02 09:15:10', 0, '0000-00-00 00:00:00', '2021-11-02 02:15:10'),
(13003, '2021-11-02 09:15:00', 3, 392, 0, 1, '2021-11-02 09:15:10', 0, '0000-00-00 00:00:00', '2021-11-02 02:15:10'),
(13004, '2021-11-02 09:15:00', 4, 587, 0, 1, '2021-11-02 09:15:10', 0, '0000-00-00 00:00:00', '2021-11-02 02:15:10'),
(13005, '2021-11-02 09:15:00', 5, 936, 0, 1, '2021-11-02 09:15:10', 0, '0000-00-00 00:00:00', '2021-11-02 02:15:10'),
(13006, '2021-11-02 09:15:00', 12, 81, 0, 1, '2021-11-02 09:15:10', 0, '0000-00-00 00:00:00', '2021-11-02 02:15:10'),
(13007, '2021-11-02 09:15:00', 13, 2, 0, 1, '2021-11-02 09:15:10', 0, '0000-00-00 00:00:00', '2021-11-02 02:15:10'),
(13008, '2021-11-02 09:15:00', 14, 81, 0, 1, '2021-11-02 09:15:10', 0, '0000-00-00 00:00:00', '2021-11-02 02:15:10'),
(13009, '2021-11-02 09:15:00', 15, 2.1, 0, 1, '2021-11-02 09:15:10', 0, '0000-00-00 00:00:00', '2021-11-02 02:15:10'),
(13010, '2021-11-02 09:15:00', 18, 1003.86, 0, 1, '2021-11-02 09:15:10', 0, '0000-00-00 00:00:00', '2021-11-02 02:15:10'),
(13011, '2021-11-02 09:15:00', 19, 81, 0, 1, '2021-11-02 09:15:10', 0, '0000-00-00 00:00:00', '2021-11-02 02:15:10'),
(13012, '2021-11-02 09:15:00', 20, 0, 0, 1, '2021-11-02 09:15:10', 0, '0000-00-00 00:00:00', '2021-11-02 02:15:10'),
(13013, '2021-11-02 09:15:00', 21, 25.4, 0, 1, '2021-11-02 09:15:10', 0, '0000-00-00 00:00:00', '2021-11-02 02:15:10'),
(13014, '2021-11-02 09:15:00', 22, 47, 0, 1, '2021-11-02 09:15:10', 0, '0000-00-00 00:00:00', '2021-11-02 02:15:10'),
(13015, '2021-11-02 09:15:00', 23, 0, 0, 1, '2021-11-02 09:15:10', 0, '0000-00-00 00:00:00', '2021-11-02 02:15:10'),
(13016, '2021-11-02 09:15:00', 24, 0, 0, 1, '2021-11-02 09:15:10', 0, '0000-00-00 00:00:00', '2021-11-02 02:15:10'),
(13017, '2021-11-02 09:30:00', 1, 722, 0, 1, '2021-11-02 09:30:10', 0, '0000-00-00 00:00:00', '2021-11-02 02:30:10'),
(13018, '2021-11-02 09:30:00', 2, 15, 0, 1, '2021-11-02 09:30:10', 0, '0000-00-00 00:00:00', '2021-11-02 02:30:10'),
(13019, '2021-11-02 09:30:00', 3, 392, 0, 1, '2021-11-02 09:30:10', 0, '0000-00-00 00:00:00', '2021-11-02 02:30:10'),
(13020, '2021-11-02 09:30:00', 4, 586, 0, 1, '2021-11-02 09:30:10', 0, '0000-00-00 00:00:00', '2021-11-02 02:30:10'),
(13021, '2021-11-02 09:30:00', 5, 936, 0, 1, '2021-11-02 09:30:10', 0, '0000-00-00 00:00:00', '2021-11-02 02:30:10'),
(13022, '2021-11-02 09:30:00', 12, 81, 0, 1, '2021-11-02 09:30:10', 0, '0000-00-00 00:00:00', '2021-11-02 02:30:10'),
(13023, '2021-11-02 09:30:00', 13, 2, 0, 1, '2021-11-02 09:30:10', 0, '0000-00-00 00:00:00', '2021-11-02 02:30:10'),
(13024, '2021-11-02 09:30:00', 14, 82, 0, 1, '2021-11-02 09:30:10', 0, '0000-00-00 00:00:00', '2021-11-02 02:30:10'),
(13025, '2021-11-02 09:30:00', 15, 2, 0, 1, '2021-11-02 09:30:10', 0, '0000-00-00 00:00:00', '2021-11-02 02:30:10'),
(13026, '2021-11-02 09:30:00', 18, 1003.96, 0, 1, '2021-11-02 09:30:10', 0, '0000-00-00 00:00:00', '2021-11-02 02:30:10'),
(13027, '2021-11-02 09:30:00', 19, 81, 0, 1, '2021-11-02 09:30:10', 0, '0000-00-00 00:00:00', '2021-11-02 02:30:10'),
(13028, '2021-11-02 09:30:00', 20, 0, 0, 1, '2021-11-02 09:30:10', 0, '0000-00-00 00:00:00', '2021-11-02 02:30:10'),
(13029, '2021-11-02 09:30:00', 21, 25.6, 0, 1, '2021-11-02 09:30:10', 0, '0000-00-00 00:00:00', '2021-11-02 02:30:10'),
(13030, '2021-11-02 09:30:00', 22, 48, 0, 1, '2021-11-02 09:30:10', 0, '0000-00-00 00:00:00', '2021-11-02 02:30:10'),
(13031, '2021-11-02 09:30:00', 23, 0, 0, 1, '2021-11-02 09:30:10', 0, '0000-00-00 00:00:00', '2021-11-02 02:30:10'),
(13032, '2021-11-02 09:30:00', 24, 0, 0, 1, '2021-11-02 09:30:10', 0, '0000-00-00 00:00:00', '2021-11-02 02:30:10'),
(13033, '2021-11-02 09:45:00', 1, 723, 0, 1, '2021-11-02 09:45:02', 0, '0000-00-00 00:00:00', '2021-11-02 02:45:02'),
(13034, '2021-11-02 09:45:00', 2, 16, 0, 1, '2021-11-02 09:45:02', 0, '0000-00-00 00:00:00', '2021-11-02 02:45:02'),
(13035, '2021-11-02 09:45:00', 3, 393, 0, 1, '2021-11-02 09:45:02', 0, '0000-00-00 00:00:00', '2021-11-02 02:45:02'),
(13036, '2021-11-02 09:45:00', 4, 587, 0, 1, '2021-11-02 09:45:02', 0, '0000-00-00 00:00:00', '2021-11-02 02:45:02'),
(13037, '2021-11-02 09:45:00', 5, 936, 0, 1, '2021-11-02 09:45:02', 0, '0000-00-00 00:00:00', '2021-11-02 02:45:02'),
(13038, '2021-11-02 09:45:00', 12, 81, 0, 1, '2021-11-02 09:45:02', 0, '0000-00-00 00:00:00', '2021-11-02 02:45:02'),
(13039, '2021-11-02 09:45:00', 13, 2.1, 0, 1, '2021-11-02 09:45:02', 0, '0000-00-00 00:00:00', '2021-11-02 02:45:02'),
(13040, '2021-11-02 09:45:00', 14, 81, 0, 1, '2021-11-02 09:45:02', 0, '0000-00-00 00:00:00', '2021-11-02 02:45:02'),
(13041, '2021-11-02 09:45:00', 15, 2, 0, 1, '2021-11-02 09:45:02', 0, '0000-00-00 00:00:00', '2021-11-02 02:45:02'),
(13042, '2021-11-02 09:45:00', 18, 1003.79, 0, 1, '2021-11-02 09:45:02', 0, '0000-00-00 00:00:00', '2021-11-02 02:45:02'),
(13043, '2021-11-02 09:45:00', 19, 81, 0, 1, '2021-11-02 09:45:02', 0, '0000-00-00 00:00:00', '2021-11-02 02:45:02'),
(13044, '2021-11-02 09:45:00', 20, 0, 0, 1, '2021-11-02 09:45:02', 0, '0000-00-00 00:00:00', '2021-11-02 02:45:02'),
(13045, '2021-11-02 09:45:00', 21, 25.6, 0, 1, '2021-11-02 09:45:02', 0, '0000-00-00 00:00:00', '2021-11-02 02:45:02'),
(13046, '2021-11-02 09:45:00', 22, 48, 0, 1, '2021-11-02 09:45:02', 0, '0000-00-00 00:00:00', '2021-11-02 02:45:02'),
(13047, '2021-11-02 09:45:00', 23, 0, 0, 1, '2021-11-02 09:45:02', 0, '0000-00-00 00:00:00', '2021-11-02 02:45:02'),
(13048, '2021-11-02 09:45:00', 24, 0, 0, 1, '2021-11-02 09:45:02', 0, '0000-00-00 00:00:00', '2021-11-02 02:45:02'),
(13049, '2021-11-02 10:00:00', 1, 722, 0, 1, '2021-11-02 10:00:02', 0, '0000-00-00 00:00:00', '2021-11-02 03:00:02'),
(13050, '2021-11-02 10:00:00', 2, 16, 0, 1, '2021-11-02 10:00:02', 0, '0000-00-00 00:00:00', '2021-11-02 03:00:02'),
(13051, '2021-11-02 10:00:00', 3, 393, 0, 1, '2021-11-02 10:00:02', 0, '0000-00-00 00:00:00', '2021-11-02 03:00:02'),
(13052, '2021-11-02 10:00:00', 4, 587, 0, 1, '2021-11-02 10:00:02', 0, '0000-00-00 00:00:00', '2021-11-02 03:00:02'),
(13053, '2021-11-02 10:00:00', 5, 936, 0, 1, '2021-11-02 10:00:02', 0, '0000-00-00 00:00:00', '2021-11-02 03:00:02'),
(13054, '2021-11-02 10:00:00', 12, 82, 0, 1, '2021-11-02 10:00:02', 0, '0000-00-00 00:00:00', '2021-11-02 03:00:02'),
(13055, '2021-11-02 10:00:00', 13, 2.1, 0, 1, '2021-11-02 10:00:02', 0, '0000-00-00 00:00:00', '2021-11-02 03:00:02'),
(13056, '2021-11-02 10:00:00', 14, 82, 0, 1, '2021-11-02 10:00:02', 0, '0000-00-00 00:00:00', '2021-11-02 03:00:02'),
(13057, '2021-11-02 10:00:00', 15, 2, 0, 1, '2021-11-02 10:00:02', 0, '0000-00-00 00:00:00', '2021-11-02 03:00:02'),
(13058, '2021-11-02 10:00:00', 18, 1003.76, 0, 1, '2021-11-02 10:00:02', 0, '0000-00-00 00:00:00', '2021-11-02 03:00:02'),
(13059, '2021-11-02 10:00:00', 19, 81, 0, 1, '2021-11-02 10:00:02', 0, '0000-00-00 00:00:00', '2021-11-02 03:00:02'),
(13060, '2021-11-02 10:00:00', 20, 0, 0, 1, '2021-11-02 10:00:02', 0, '0000-00-00 00:00:00', '2021-11-02 03:00:02'),
(13061, '2021-11-02 10:00:00', 21, 25.8, 0, 1, '2021-11-02 10:00:02', 0, '0000-00-00 00:00:00', '2021-11-02 03:00:02'),
(13062, '2021-11-02 10:00:00', 22, 48, 0, 1, '2021-11-02 10:00:02', 0, '0000-00-00 00:00:00', '2021-11-02 03:00:02'),
(13063, '2021-11-02 10:00:00', 23, 0, 0, 1, '2021-11-02 10:00:02', 0, '0000-00-00 00:00:00', '2021-11-02 03:00:02'),
(13064, '2021-11-02 10:00:00', 24, 0, 0, 1, '2021-11-02 10:00:02', 0, '0000-00-00 00:00:00', '2021-11-02 03:00:02'),
(13065, '2021-11-02 10:15:00', 1, 722, 0, 1, '2021-11-02 10:15:03', 0, '0000-00-00 00:00:00', '2021-11-02 03:15:03'),
(13066, '2021-11-02 10:15:00', 2, 15, 0, 1, '2021-11-02 10:15:03', 0, '0000-00-00 00:00:00', '2021-11-02 03:15:03'),
(13067, '2021-11-02 10:15:00', 3, 393, 0, 1, '2021-11-02 10:15:03', 0, '0000-00-00 00:00:00', '2021-11-02 03:15:03'),
(13068, '2021-11-02 10:15:00', 4, 586, 0, 1, '2021-11-02 10:15:03', 0, '0000-00-00 00:00:00', '2021-11-02 03:15:03'),
(13069, '2021-11-02 10:15:00', 5, 936, 0, 1, '2021-11-02 10:15:03', 0, '0000-00-00 00:00:00', '2021-11-02 03:15:03'),
(13070, '2021-11-02 10:15:00', 12, 82, 0, 1, '2021-11-02 10:15:03', 0, '0000-00-00 00:00:00', '2021-11-02 03:15:03'),
(13071, '2021-11-02 10:15:00', 13, 0, 0, 1, '2021-11-02 10:15:03', 0, '0000-00-00 00:00:00', '2021-11-02 03:15:03'),
(13072, '2021-11-02 10:15:00', 14, 81, 0, 1, '2021-11-02 10:15:03', 0, '0000-00-00 00:00:00', '2021-11-02 03:15:03'),
(13073, '2021-11-02 10:15:00', 15, 2.1, 0, 1, '2021-11-02 10:15:03', 0, '0000-00-00 00:00:00', '2021-11-02 03:15:03'),
(13074, '2021-11-02 10:15:00', 18, 1003.46, 0, 1, '2021-11-02 10:15:03', 0, '0000-00-00 00:00:00', '2021-11-02 03:15:03'),
(13075, '2021-11-02 10:15:00', 19, 81, 0, 1, '2021-11-02 10:15:03', 0, '0000-00-00 00:00:00', '2021-11-02 03:15:03'),
(13076, '2021-11-02 10:15:00', 20, 0, 0, 1, '2021-11-02 10:15:03', 0, '0000-00-00 00:00:00', '2021-11-02 03:15:03'),
(13077, '2021-11-02 10:15:00', 21, 25.8, 0, 1, '2021-11-02 10:15:03', 0, '0000-00-00 00:00:00', '2021-11-02 03:15:03'),
(13078, '2021-11-02 10:15:00', 22, 48, 0, 1, '2021-11-02 10:15:03', 0, '0000-00-00 00:00:00', '2021-11-02 03:15:03'),
(13079, '2021-11-02 10:15:00', 23, 0, 0, 1, '2021-11-02 10:15:03', 0, '0000-00-00 00:00:00', '2021-11-02 03:15:03'),
(13080, '2021-11-02 10:15:00', 24, 0, 0, 1, '2021-11-02 10:15:03', 0, '0000-00-00 00:00:00', '2021-11-02 03:15:03');

-- --------------------------------------------------------

--
-- Table structure for table `measurement_histories`
--

CREATE TABLE `measurement_histories` (
  `id` bigint(20) UNSIGNED NOT NULL,
  `parameter_id` int(11) NOT NULL DEFAULT 0,
  `value` double NOT NULL DEFAULT 0,
  `sensor_value` double NOT NULL DEFAULT 0,
  `is_averaged` tinyint(4) NOT NULL DEFAULT 0,
  `xtimestamp` timestamp NOT NULL DEFAULT current_timestamp() ON UPDATE current_timestamp()
) ENGINE=InnoDB DEFAULT CHARSET=utf8;

-- --------------------------------------------------------

--
-- Table structure for table `measurement_logs`
--

CREATE TABLE `measurement_logs` (
  `id` bigint(20) UNSIGNED NOT NULL,
  `parameter_id` int(11) NOT NULL DEFAULT 0,
  `value` double NOT NULL DEFAULT 0,
  `sensor_value` double NOT NULL DEFAULT 0,
  `is_averaged` tinyint(4) NOT NULL DEFAULT 0,
  `xtimestamp` timestamp NOT NULL DEFAULT current_timestamp() ON UPDATE current_timestamp()
) ENGINE=InnoDB DEFAULT CHARSET=utf8;

--
-- Dumping data for table `measurement_logs`
--

INSERT INTO `measurement_logs` (`id`, `parameter_id`, `value`, `sensor_value`, `is_averaged`, `xtimestamp`) VALUES
(1, 1, 721.792, 0, 0, '2021-11-02 03:15:01'),
(2, 2, 16.977, 0, 0, '2021-11-02 03:15:01'),
(3, 3, 391.953, 0, 0, '2021-11-02 03:15:01'),
(4, 4, 589.927, 0, 0, '2021-11-02 03:15:01'),
(5, 5, 935.645, 0, 0, '2021-11-02 03:15:01'),
(6, 12, 84, 0, 0, '2021-11-02 03:15:01'),
(7, 13, 2.1, 0, 0, '2021-11-02 03:15:01'),
(8, 14, 91, 0, 0, '2021-11-02 03:15:01'),
(9, 15, 2.1, 0, 0, '2021-11-02 03:15:01'),
(10, 18, 1003.46, 0, 0, '2021-11-02 03:15:01'),
(11, 19, 81, 0, 0, '2021-11-02 03:15:01'),
(12, 20, 0, 0, 0, '2021-11-02 03:15:01'),
(13, 21, 25.8, 0, 0, '2021-11-02 03:15:01'),
(14, 22, 48, 0, 0, '2021-11-02 03:15:01'),
(15, 23, 0, 0, 0, '2021-11-02 03:15:01'),
(16, 24, 0, 0, 0, '2021-11-02 03:15:01'),
(17, 1, 721.792, 0, 0, '2021-11-02 03:15:03'),
(18, 2, 16.977, 0, 0, '2021-11-02 03:15:03'),
(19, 3, 391.953, 0, 0, '2021-11-02 03:15:03'),
(20, 4, 589.927, 0, 0, '2021-11-02 03:15:03'),
(21, 5, 935.645, 0, 0, '2021-11-02 03:15:03'),
(22, 12, 79, 0, 0, '2021-11-02 03:15:03'),
(23, 13, 2, 0, 0, '2021-11-02 03:15:03'),
(24, 14, 99, 0, 0, '2021-11-02 03:15:03'),
(25, 15, 2, 0, 0, '2021-11-02 03:15:03'),
(26, 18, 1003.46, 0, 0, '2021-11-02 03:15:03'),
(27, 19, 81, 0, 0, '2021-11-02 03:15:03'),
(28, 20, 0, 0, 0, '2021-11-02 03:15:03'),
(29, 21, 25.8, 0, 0, '2021-11-02 03:15:03'),
(30, 22, 48, 0, 0, '2021-11-02 03:15:03'),
(31, 23, 0, 0, 0, '2021-11-02 03:15:03'),
(32, 24, 0, 0, 0, '2021-11-02 03:15:03'),
(33, 1, 721.792, 0, 0, '2021-11-02 03:15:04'),
(34, 2, 16.977, 0, 0, '2021-11-02 03:15:04'),
(35, 3, 398.15, 0, 0, '2021-11-02 03:15:04'),
(36, 4, 586.796, 0, 0, '2021-11-02 03:15:04'),
(37, 5, 935.645, 0, 0, '2021-11-02 03:15:04'),
(38, 12, 79, 0, 0, '2021-11-02 03:15:04'),
(39, 13, 2, 0, 0, '2021-11-02 03:15:04'),
(40, 14, 99, 0, 0, '2021-11-02 03:15:04'),
(41, 15, 2, 0, 0, '2021-11-02 03:15:04'),
(42, 18, 1003.46, 0, 0, '2021-11-02 03:15:04'),
(43, 19, 81, 0, 0, '2021-11-02 03:15:04'),
(44, 20, 0, 0, 0, '2021-11-02 03:15:04'),
(45, 21, 25.8, 0, 0, '2021-11-02 03:15:04'),
(46, 22, 48, 0, 0, '2021-11-02 03:15:04'),
(47, 23, 0, 0, 0, '2021-11-02 03:15:04'),
(48, 24, 0, 0, 0, '2021-11-02 03:15:04'),
(49, 1, 721.792, 0, 0, '2021-11-02 03:15:05'),
(50, 2, 16.977, 0, 0, '2021-11-02 03:15:05'),
(51, 3, 398.15, 0, 0, '2021-11-02 03:15:05'),
(52, 4, 586.796, 0, 0, '2021-11-02 03:15:05'),
(53, 5, 935.645, 0, 0, '2021-11-02 03:15:05'),
(54, 12, 99, 0, 0, '2021-11-02 03:15:05'),
(55, 13, 2, 0, 0, '2021-11-02 03:15:05'),
(56, 14, 78, 0, 0, '2021-11-02 03:15:05'),
(57, 15, 2.1, 0, 0, '2021-11-02 03:15:05'),
(58, 18, 1003.46, 0, 0, '2021-11-02 03:15:05'),
(59, 19, 81, 0, 0, '2021-11-02 03:15:05'),
(60, 20, 0, 0, 0, '2021-11-02 03:15:05'),
(61, 21, 25.8, 0, 0, '2021-11-02 03:15:05'),
(62, 22, 48, 0, 0, '2021-11-02 03:15:05'),
(63, 23, 0, 0, 0, '2021-11-02 03:15:05'),
(64, 24, 0, 0, 0, '2021-11-02 03:15:05'),
(65, 1, 721.792, 0, 0, '2021-11-02 03:15:06'),
(66, 2, 11.891, 0, 0, '2021-11-02 03:15:06'),
(67, 3, 391.953, 0, 0, '2021-11-02 03:15:06'),
(68, 4, 586.796, 0, 0, '2021-11-02 03:15:06'),
(69, 5, 935.645, 0, 0, '2021-11-02 03:15:06'),
(70, 12, 99, 0, 0, '2021-11-02 03:15:06'),
(71, 13, 2, 0, 0, '2021-11-02 03:15:06'),
(72, 14, 78, 0, 0, '2021-11-02 03:15:06'),
(73, 15, 2.1, 0, 0, '2021-11-02 03:15:06'),
(74, 18, 1003.46, 0, 0, '2021-11-02 03:15:06'),
(75, 19, 81, 0, 0, '2021-11-02 03:15:06'),
(76, 20, 0, 0, 0, '2021-11-02 03:15:06'),
(77, 21, 25.8, 0, 0, '2021-11-02 03:15:06'),
(78, 22, 48, 0, 0, '2021-11-02 03:15:06'),
(79, 23, 0, 0, 0, '2021-11-02 03:15:06'),
(80, 24, 0, 0, 0, '2021-11-02 03:15:06'),
(81, 1, 721.792, 0, 0, '2021-11-02 03:15:07'),
(82, 2, 11.891, 0, 0, '2021-11-02 03:15:07'),
(83, 3, 391.953, 0, 0, '2021-11-02 03:15:07'),
(84, 4, 586.796, 0, 0, '2021-11-02 03:15:07'),
(85, 5, 935.645, 0, 0, '2021-11-02 03:15:07'),
(86, 12, 78, 0, 0, '2021-11-02 03:15:07'),
(87, 13, 2.1, 0, 0, '2021-11-02 03:15:07'),
(88, 14, 84, 0, 0, '2021-11-02 03:15:07'),
(89, 15, 2, 0, 0, '2021-11-02 03:15:07'),
(90, 18, 1003.46, 0, 0, '2021-11-02 03:15:07'),
(91, 19, 81, 0, 0, '2021-11-02 03:15:07'),
(92, 20, 0, 0, 0, '2021-11-02 03:15:07'),
(93, 21, 25.8, 0, 0, '2021-11-02 03:15:07'),
(94, 22, 48, 0, 0, '2021-11-02 03:15:07'),
(95, 23, 0, 0, 0, '2021-11-02 03:15:07'),
(96, 24, 0, 0, 0, '2021-11-02 03:15:07'),
(97, 1, 721.792, 0, 0, '2021-11-02 03:15:08'),
(98, 2, 16.977, 0, 0, '2021-11-02 03:15:08'),
(99, 3, 391.953, 0, 0, '2021-11-02 03:15:08'),
(100, 4, 586.796, 0, 0, '2021-11-02 03:15:08'),
(101, 5, 935.645, 0, 0, '2021-11-02 03:15:08'),
(102, 12, 78, 0, 0, '2021-11-02 03:15:08'),
(103, 13, 2.1, 0, 0, '2021-11-02 03:15:08'),
(104, 14, 84, 0, 0, '2021-11-02 03:15:09'),
(105, 15, 2, 0, 0, '2021-11-02 03:15:09'),
(106, 18, 1003.46, 0, 0, '2021-11-02 03:15:09'),
(107, 19, 81, 0, 0, '2021-11-02 03:15:09'),
(108, 20, 0, 0, 0, '2021-11-02 03:15:09'),
(109, 21, 25.8, 0, 0, '2021-11-02 03:15:09'),
(110, 22, 48, 0, 0, '2021-11-02 03:15:09'),
(111, 23, 0, 0, 0, '2021-11-02 03:15:09'),
(112, 24, 0, 0, 0, '2021-11-02 03:15:09'),
(113, 1, 721.792, 0, 0, '2021-11-02 03:15:10'),
(114, 2, 16.977, 0, 0, '2021-11-02 03:15:10'),
(115, 3, 385.755, 0, 0, '2021-11-02 03:15:10'),
(116, 4, 586.796, 0, 0, '2021-11-02 03:15:10'),
(117, 5, 934.642, 0, 0, '2021-11-02 03:15:10'),
(118, 12, 84, 0, 0, '2021-11-02 03:15:10'),
(119, 13, 2, 0, 0, '2021-11-02 03:15:10'),
(120, 14, 70, 0, 0, '2021-11-02 03:15:10'),
(121, 15, 2.1, 0, 0, '2021-11-02 03:15:10'),
(122, 18, 1003.46, 0, 0, '2021-11-02 03:15:10'),
(123, 19, 81, 0, 0, '2021-11-02 03:15:10'),
(124, 20, 0, 0, 0, '2021-11-02 03:15:10'),
(125, 21, 25.8, 0, 0, '2021-11-02 03:15:10'),
(126, 22, 48, 0, 0, '2021-11-02 03:15:10'),
(127, 23, 0, 0, 0, '2021-11-02 03:15:10'),
(128, 24, 0, 0, 0, '2021-11-02 03:15:10'),
(129, 1, 721.792, 0, 0, '2021-11-02 03:15:11'),
(130, 2, 16.977, 0, 0, '2021-11-02 03:15:11'),
(131, 3, 385.755, 0, 0, '2021-11-02 03:15:11'),
(132, 4, 586.796, 0, 0, '2021-11-02 03:15:11'),
(133, 5, 934.642, 0, 0, '2021-11-02 03:15:11'),
(134, 12, 91, 0, 0, '2021-11-02 03:15:11'),
(135, 13, 2.1, 0, 0, '2021-11-02 03:15:11'),
(136, 14, 71, 0, 0, '2021-11-02 03:15:11'),
(137, 15, 2.1, 0, 0, '2021-11-02 03:15:11'),
(138, 18, 1003.46, 0, 0, '2021-11-02 03:15:11'),
(139, 19, 81, 0, 0, '2021-11-02 03:15:11'),
(140, 20, 0, 0, 0, '2021-11-02 03:15:11'),
(141, 21, 25.8, 0, 0, '2021-11-02 03:15:11'),
(142, 22, 48, 0, 0, '2021-11-02 03:15:11'),
(143, 23, 0, 0, 0, '2021-11-02 03:15:11'),
(144, 24, 0, 0, 0, '2021-11-02 03:15:11'),
(145, 1, 721.792, 0, 0, '2021-11-02 03:15:12'),
(146, 2, 16.977, 0, 0, '2021-11-02 03:15:12'),
(147, 3, 391.953, 0, 0, '2021-11-02 03:15:12'),
(148, 4, 586.796, 0, 0, '2021-11-02 03:15:12'),
(149, 5, 935.645, 0, 0, '2021-11-02 03:15:12'),
(150, 12, 91, 0, 0, '2021-11-02 03:15:12'),
(151, 13, 2.1, 0, 0, '2021-11-02 03:15:12'),
(152, 14, 71, 0, 0, '2021-11-02 03:15:12'),
(153, 15, 2.1, 0, 0, '2021-11-02 03:15:12'),
(154, 18, 1003.46, 0, 0, '2021-11-02 03:15:12'),
(155, 19, 81, 0, 0, '2021-11-02 03:15:12'),
(156, 20, 0, 0, 0, '2021-11-02 03:15:12'),
(157, 21, 25.8, 0, 0, '2021-11-02 03:15:12'),
(158, 22, 48, 0, 0, '2021-11-02 03:15:12'),
(159, 23, 0, 0, 0, '2021-11-02 03:15:12'),
(160, 24, 0, 0, 0, '2021-11-02 03:15:12'),
(161, 1, 721.792, 0, 0, '2021-11-02 03:15:13'),
(162, 2, 16.977, 0, 0, '2021-11-02 03:15:13'),
(163, 3, 391.953, 0, 0, '2021-11-02 03:15:13'),
(164, 4, 586.796, 0, 0, '2021-11-02 03:15:13'),
(165, 5, 935.645, 0, 0, '2021-11-02 03:15:13'),
(166, 12, 88, 0, 0, '2021-11-02 03:15:13'),
(167, 13, 2, 0, 0, '2021-11-02 03:15:13'),
(168, 14, 94, 0, 0, '2021-11-02 03:15:13'),
(169, 15, 2.1, 0, 0, '2021-11-02 03:15:13'),
(170, 18, 1003.46, 0, 0, '2021-11-02 03:15:13'),
(171, 19, 81, 0, 0, '2021-11-02 03:15:13'),
(172, 20, 0, 0, 0, '2021-11-02 03:15:13'),
(173, 21, 25.8, 0, 0, '2021-11-02 03:15:13'),
(174, 22, 48, 0, 0, '2021-11-02 03:15:13'),
(175, 23, 0, 0, 0, '2021-11-02 03:15:13'),
(176, 24, 0, 0, 0, '2021-11-02 03:15:13'),
(177, 1, 721.792, 0, 0, '2021-11-02 03:15:14'),
(178, 2, 11.891, 0, 0, '2021-11-02 03:15:14'),
(179, 3, 391.953, 0, 0, '2021-11-02 03:15:14'),
(180, 4, 586.796, 0, 0, '2021-11-02 03:15:14'),
(181, 5, 936.649, 0, 0, '2021-11-02 03:15:14'),
(182, 12, 88, 0, 0, '2021-11-02 03:15:14'),
(183, 13, 2, 0, 0, '2021-11-02 03:15:14'),
(184, 14, 94, 0, 0, '2021-11-02 03:15:14'),
(185, 15, 2.1, 0, 0, '2021-11-02 03:15:14'),
(186, 18, 1003.46, 0, 0, '2021-11-02 03:15:14'),
(187, 19, 81, 0, 0, '2021-11-02 03:15:14'),
(188, 20, 0, 0, 0, '2021-11-02 03:15:14'),
(189, 21, 25.8, 0, 0, '2021-11-02 03:15:14'),
(190, 22, 48, 0, 0, '2021-11-02 03:15:14'),
(191, 23, 0, 0, 0, '2021-11-02 03:15:14'),
(192, 24, 0, 0, 0, '2021-11-02 03:15:14'),
(193, 1, 721.792, 0, 0, '2021-11-02 03:15:15'),
(194, 2, 11.891, 0, 0, '2021-11-02 03:15:15'),
(195, 3, 391.953, 0, 0, '2021-11-02 03:15:15'),
(196, 4, 586.796, 0, 0, '2021-11-02 03:15:15'),
(197, 5, 936.649, 0, 0, '2021-11-02 03:15:15'),
(198, 12, 85, 0, 0, '2021-11-02 03:15:15'),
(199, 13, 2, 0, 0, '2021-11-02 03:15:15'),
(200, 14, 87, 0, 0, '2021-11-02 03:15:15'),
(201, 15, 2, 0, 0, '2021-11-02 03:15:15'),
(202, 18, 1003.46, 0, 0, '2021-11-02 03:15:15'),
(203, 19, 81, 0, 0, '2021-11-02 03:15:15'),
(204, 20, 0, 0, 0, '2021-11-02 03:15:15'),
(205, 21, 25.8, 0, 0, '2021-11-02 03:15:15'),
(206, 22, 48, 0, 0, '2021-11-02 03:15:15'),
(207, 23, 0, 0, 0, '2021-11-02 03:15:15'),
(208, 24, 0, 0, 0, '2021-11-02 03:15:15'),
(209, 1, 721.792, 0, 0, '2021-11-02 03:15:16'),
(210, 2, 11.891, 0, 0, '2021-11-02 03:15:16'),
(211, 3, 398.15, 0, 0, '2021-11-02 03:15:16'),
(212, 4, 583.665, 0, 0, '2021-11-02 03:15:16'),
(213, 5, 935.645, 0, 0, '2021-11-02 03:15:16'),
(214, 12, 85, 0, 0, '2021-11-02 03:15:17'),
(215, 13, 2, 0, 0, '2021-11-02 03:15:17'),
(216, 14, 87, 0, 0, '2021-11-02 03:15:17'),
(217, 15, 2, 0, 0, '2021-11-02 03:15:17'),
(218, 18, 1003.46, 0, 0, '2021-11-02 03:15:17'),
(219, 19, 81, 0, 0, '2021-11-02 03:15:17'),
(220, 20, 0, 0, 0, '2021-11-02 03:15:17'),
(221, 21, 25.8, 0, 0, '2021-11-02 03:15:17'),
(222, 22, 48, 0, 0, '2021-11-02 03:15:17'),
(223, 23, 0, 0, 0, '2021-11-02 03:15:17'),
(224, 24, 0, 0, 0, '2021-11-02 03:15:17'),
(225, 1, 721.792, 0, 0, '2021-11-02 03:15:18'),
(226, 2, 11.891, 0, 0, '2021-11-02 03:15:18'),
(227, 3, 398.15, 0, 0, '2021-11-02 03:15:18'),
(228, 4, 583.665, 0, 0, '2021-11-02 03:15:18'),
(229, 5, 935.645, 0, 0, '2021-11-02 03:15:18'),
(230, 12, 87, 0, 0, '2021-11-02 03:15:18'),
(231, 13, 2, 0, 0, '2021-11-02 03:15:18'),
(232, 14, 78, 0, 0, '2021-11-02 03:15:18'),
(233, 15, 2.1, 0, 0, '2021-11-02 03:15:18'),
(234, 18, 1003.46, 0, 0, '2021-11-02 03:15:18'),
(235, 19, 81, 0, 0, '2021-11-02 03:15:18'),
(236, 20, 0, 0, 0, '2021-11-02 03:15:18'),
(237, 21, 25.8, 0, 0, '2021-11-02 03:15:18'),
(238, 22, 48, 0, 0, '2021-11-02 03:15:18'),
(239, 23, 0, 0, 0, '2021-11-02 03:15:18'),
(240, 24, 0, 0, 0, '2021-11-02 03:15:18'),
(241, 1, 721.792, 0, 0, '2021-11-02 03:15:19'),
(242, 2, 11.891, 0, 0, '2021-11-02 03:15:19'),
(243, 3, 391.953, 0, 0, '2021-11-02 03:15:19'),
(244, 4, 586.796, 0, 0, '2021-11-02 03:15:19'),
(245, 5, 935.645, 0, 0, '2021-11-02 03:15:19'),
(246, 12, 87, 0, 0, '2021-11-02 03:15:19'),
(247, 13, 2, 0, 0, '2021-11-02 03:15:19'),
(248, 14, 78, 0, 0, '2021-11-02 03:15:19'),
(249, 15, 2.1, 0, 0, '2021-11-02 03:15:19'),
(250, 18, 1003.46, 0, 0, '2021-11-02 03:15:19'),
(251, 19, 81, 0, 0, '2021-11-02 03:15:19'),
(252, 20, 0, 0, 0, '2021-11-02 03:15:19'),
(253, 21, 25.8, 0, 0, '2021-11-02 03:15:19'),
(254, 22, 48, 0, 0, '2021-11-02 03:15:19'),
(255, 23, 0, 0, 0, '2021-11-02 03:15:19'),
(256, 24, 0, 0, 0, '2021-11-02 03:15:19'),
(257, 1, 721.792, 0, 0, '2021-11-02 03:15:20'),
(258, 2, 11.891, 0, 0, '2021-11-02 03:15:21'),
(259, 3, 391.953, 0, 0, '2021-11-02 03:15:21'),
(260, 4, 586.796, 0, 0, '2021-11-02 03:15:21'),
(261, 5, 934.642, 0, 0, '2021-11-02 03:15:21'),
(262, 12, 78, 0, 0, '2021-11-02 03:15:21'),
(263, 13, 2.1, 0, 0, '2021-11-02 03:15:21'),
(264, 14, 78, 0, 0, '2021-11-02 03:15:21'),
(265, 15, 2, 0, 0, '2021-11-02 03:15:21'),
(266, 18, 1003.46, 0, 0, '2021-11-02 03:15:21'),
(267, 19, 81, 0, 0, '2021-11-02 03:15:21'),
(268, 20, 0, 0, 0, '2021-11-02 03:15:21'),
(269, 21, 25.8, 0, 0, '2021-11-02 03:15:21'),
(270, 22, 48, 0, 0, '2021-11-02 03:15:21'),
(271, 23, 0, 0, 0, '2021-11-02 03:15:21'),
(272, 24, 0, 0, 0, '2021-11-02 03:15:21'),
(273, 1, 721.792, 0, 0, '2021-11-02 03:15:22'),
(274, 2, 11.891, 0, 0, '2021-11-02 03:15:22'),
(275, 3, 391.953, 0, 0, '2021-11-02 03:15:22'),
(276, 4, 586.796, 0, 0, '2021-11-02 03:15:22'),
(277, 5, 934.642, 0, 0, '2021-11-02 03:15:22'),
(278, 12, 78, 0, 0, '2021-11-02 03:15:22'),
(279, 13, 2, 0, 0, '2021-11-02 03:15:22'),
(280, 14, 83, 0, 0, '2021-11-02 03:15:22'),
(281, 15, 2, 0, 0, '2021-11-02 03:15:22'),
(282, 18, 1003.46, 0, 0, '2021-11-02 03:15:22'),
(283, 19, 81, 0, 0, '2021-11-02 03:15:22'),
(284, 20, 0, 0, 0, '2021-11-02 03:15:22'),
(285, 21, 25.8, 0, 0, '2021-11-02 03:15:22'),
(286, 22, 48, 0, 0, '2021-11-02 03:15:22'),
(287, 23, 0, 0, 0, '2021-11-02 03:15:22'),
(288, 24, 0, 0, 0, '2021-11-02 03:15:22'),
(289, 1, 721.792, 0, 0, '2021-11-02 03:15:23'),
(290, 2, 16.977, 0, 0, '2021-11-02 03:15:23'),
(291, 3, 391.953, 0, 0, '2021-11-02 03:15:23'),
(292, 4, 586.796, 0, 0, '2021-11-02 03:15:23'),
(293, 5, 936.649, 0, 0, '2021-11-02 03:15:23'),
(294, 12, 78, 0, 0, '2021-11-02 03:15:23'),
(295, 13, 2, 0, 0, '2021-11-02 03:15:23'),
(296, 14, 83, 0, 0, '2021-11-02 03:15:23'),
(297, 15, 2, 0, 0, '2021-11-02 03:15:23'),
(298, 18, 1003.46, 0, 0, '2021-11-02 03:15:23'),
(299, 19, 81, 0, 0, '2021-11-02 03:15:23'),
(300, 20, 0, 0, 0, '2021-11-02 03:15:23'),
(301, 21, 25.8, 0, 0, '2021-11-02 03:15:23'),
(302, 22, 48, 0, 0, '2021-11-02 03:15:23'),
(303, 23, 0, 0, 0, '2021-11-02 03:15:23'),
(304, 24, 0, 0, 0, '2021-11-02 03:15:23'),
(305, 1, 721.792, 0, 0, '2021-11-02 03:15:24'),
(306, 2, 16.977, 0, 0, '2021-11-02 03:15:24'),
(307, 3, 391.953, 0, 0, '2021-11-02 03:15:24'),
(308, 4, 586.796, 0, 0, '2021-11-02 03:15:24'),
(309, 5, 936.649, 0, 0, '2021-11-02 03:15:24'),
(310, 12, 78, 0, 0, '2021-11-02 03:15:24'),
(311, 13, 2, 0, 0, '2021-11-02 03:15:24'),
(312, 14, 84, 0, 0, '2021-11-02 03:15:24'),
(313, 15, 2, 0, 0, '2021-11-02 03:15:25'),
(314, 18, 1003.42, 0, 0, '2021-11-02 03:15:25'),
(315, 19, 81, 0, 0, '2021-11-02 03:15:25'),
(316, 20, 0, 0, 0, '2021-11-02 03:15:25'),
(317, 21, 25.8, 0, 0, '2021-11-02 03:15:25'),
(318, 22, 48, 0, 0, '2021-11-02 03:15:25'),
(319, 23, 0, 0, 0, '2021-11-02 03:15:25'),
(320, 24, 0, 0, 0, '2021-11-02 03:15:25'),
(321, 1, 721.792, 0, 0, '2021-11-02 03:15:26'),
(322, 2, 16.977, 0, 0, '2021-11-02 03:15:26'),
(323, 3, 398.15, 0, 0, '2021-11-02 03:15:26'),
(324, 4, 586.796, 0, 0, '2021-11-02 03:15:26'),
(325, 5, 935.645, 0, 0, '2021-11-02 03:15:26'),
(326, 12, 78, 0, 0, '2021-11-02 03:15:26'),
(327, 13, 2, 0, 0, '2021-11-02 03:15:26'),
(328, 14, 84, 0, 0, '2021-11-02 03:15:26'),
(329, 15, 2, 0, 0, '2021-11-02 03:15:26'),
(330, 18, 1003.42, 0, 0, '2021-11-02 03:15:26'),
(331, 19, 81, 0, 0, '2021-11-02 03:15:26'),
(332, 20, 0, 0, 0, '2021-11-02 03:15:26'),
(333, 21, 25.8, 0, 0, '2021-11-02 03:15:26'),
(334, 22, 48, 0, 0, '2021-11-02 03:15:26'),
(335, 23, 0, 0, 0, '2021-11-02 03:15:26'),
(336, 24, 0, 0, 0, '2021-11-02 03:15:26'),
(337, 1, 721.792, 0, 0, '2021-11-02 03:15:27'),
(338, 2, 16.977, 0, 0, '2021-11-02 03:15:27'),
(339, 3, 398.15, 0, 0, '2021-11-02 03:15:27'),
(340, 4, 586.796, 0, 0, '2021-11-02 03:15:27'),
(341, 5, 935.645, 0, 0, '2021-11-02 03:15:27'),
(342, 12, 87, 0, 0, '2021-11-02 03:15:27'),
(343, 13, 2, 0, 0, '2021-11-02 03:15:27'),
(344, 14, 0, 0, 0, '2021-11-02 03:15:27'),
(345, 15, 0, 0, 0, '2021-11-02 03:15:27'),
(346, 18, 1003.42, 0, 0, '2021-11-02 03:15:27'),
(347, 19, 81, 0, 0, '2021-11-02 03:15:27'),
(348, 20, 0, 0, 0, '2021-11-02 03:15:27'),
(349, 21, 25.8, 0, 0, '2021-11-02 03:15:27'),
(350, 22, 48, 0, 0, '2021-11-02 03:15:27'),
(351, 23, 0, 0, 0, '2021-11-02 03:15:27'),
(352, 24, 0, 0, 0, '2021-11-02 03:15:27'),
(353, 1, 721.792, 0, 0, '2021-11-02 03:15:28'),
(354, 2, 16.977, 0, 0, '2021-11-02 03:15:28'),
(355, 3, 391.953, 0, 0, '2021-11-02 03:15:29'),
(356, 4, 589.927, 0, 0, '2021-11-02 03:15:29'),
(357, 5, 935.645, 0, 0, '2021-11-02 03:15:29'),
(358, 12, 87, 0, 0, '2021-11-02 03:15:29'),
(359, 13, 2, 0, 0, '2021-11-02 03:15:29'),
(360, 14, 0, 0, 0, '2021-11-02 03:15:29'),
(361, 15, 0, 0, 0, '2021-11-02 03:15:29'),
(362, 18, 1003.42, 0, 0, '2021-11-02 03:15:29'),
(363, 19, 81, 0, 0, '2021-11-02 03:15:30'),
(364, 20, 0, 0, 0, '2021-11-02 03:15:30'),
(365, 21, 25.8, 0, 0, '2021-11-02 03:15:31'),
(366, 22, 48, 0, 0, '2021-11-02 03:15:31'),
(367, 23, 0, 0, 0, '2021-11-02 03:15:31'),
(368, 24, 0, 0, 0, '2021-11-02 03:15:31'),
(369, 1, 721.792, 0, 0, '2021-11-02 03:15:32'),
(370, 2, 16.977, 0, 0, '2021-11-02 03:15:32'),
(371, 3, 391.953, 0, 0, '2021-11-02 03:15:32'),
(372, 4, 586.796, 0, 0, '2021-11-02 03:15:32'),
(373, 5, 935.645, 0, 0, '2021-11-02 03:15:32'),
(374, 12, 88, 0, 0, '2021-11-02 03:15:32'),
(375, 13, 2, 0, 0, '2021-11-02 03:15:32'),
(376, 14, 89, 0, 0, '2021-11-02 03:15:32'),
(377, 15, 2, 0, 0, '2021-11-02 03:15:32'),
(378, 18, 1003.42, 0, 0, '2021-11-02 03:15:32'),
(379, 19, 81, 0, 0, '2021-11-02 03:15:32'),
(380, 20, 0, 0, 0, '2021-11-02 03:15:32'),
(381, 21, 25.8, 0, 0, '2021-11-02 03:15:32'),
(382, 22, 48, 0, 0, '2021-11-02 03:15:32'),
(383, 23, 0, 0, 0, '2021-11-02 03:15:32'),
(384, 24, 0, 0, 0, '2021-11-02 03:15:33'),
(385, 1, 721.792, 0, 0, '2021-11-02 03:15:34'),
(386, 2, 22.063, 0, 0, '2021-11-02 03:15:34'),
(387, 3, 391.953, 0, 0, '2021-11-02 03:15:34'),
(388, 4, 589.927, 0, 0, '2021-11-02 03:15:34'),
(389, 5, 935.645, 0, 0, '2021-11-02 03:15:34'),
(390, 12, 89, 0, 0, '2021-11-02 03:15:34'),
(391, 13, 2, 0, 0, '2021-11-02 03:15:34'),
(392, 14, 79, 0, 0, '2021-11-02 03:15:34'),
(393, 15, 2.1, 0, 0, '2021-11-02 03:15:34'),
(394, 18, 1003.42, 0, 0, '2021-11-02 03:15:34'),
(395, 19, 81, 0, 0, '2021-11-02 03:15:34'),
(396, 20, 0, 0, 0, '2021-11-02 03:15:34'),
(397, 21, 25.8, 0, 0, '2021-11-02 03:15:34'),
(398, 22, 48, 0, 0, '2021-11-02 03:15:34'),
(399, 23, 0, 0, 0, '2021-11-02 03:15:34'),
(400, 24, 0, 0, 0, '2021-11-02 03:15:34'),
(401, 1, 721.792, 0, 0, '2021-11-02 03:15:35'),
(402, 2, 11.891, 0, 0, '2021-11-02 03:15:35'),
(403, 3, 391.953, 0, 0, '2021-11-02 03:15:35'),
(404, 4, 586.796, 0, 0, '2021-11-02 03:15:35'),
(405, 5, 935.645, 0, 0, '2021-11-02 03:15:35'),
(406, 12, 0, 0, 0, '2021-11-02 03:15:35'),
(407, 13, 0, 0, 0, '2021-11-02 03:15:35'),
(408, 14, 82, 0, 0, '2021-11-02 03:15:35'),
(409, 15, 2, 0, 0, '2021-11-02 03:15:35'),
(410, 18, 1003.42, 0, 0, '2021-11-02 03:15:35'),
(411, 19, 81, 0, 0, '2021-11-02 03:15:35'),
(412, 20, 0, 0, 0, '2021-11-02 03:15:36'),
(413, 21, 25.8, 0, 0, '2021-11-02 03:15:36'),
(414, 22, 48, 0, 0, '2021-11-02 03:15:36'),
(415, 23, 0, 0, 0, '2021-11-02 03:15:36'),
(416, 24, 0, 0, 0, '2021-11-02 03:15:36'),
(417, 1, 721.792, 0, 0, '2021-11-02 03:15:37'),
(418, 2, 16.977, 0, 0, '2021-11-02 03:15:37'),
(419, 3, 391.953, 0, 0, '2021-11-02 03:15:37'),
(420, 4, 583.665, 0, 0, '2021-11-02 03:15:37'),
(421, 5, 935.645, 0, 0, '2021-11-02 03:15:37'),
(422, 12, 0, 0, 0, '2021-11-02 03:15:37'),
(423, 13, 0, 0, 0, '2021-11-02 03:15:37'),
(424, 14, 82, 0, 0, '2021-11-02 03:15:37'),
(425, 15, 2, 0, 0, '2021-11-02 03:15:37'),
(426, 18, 1003.42, 0, 0, '2021-11-02 03:15:37'),
(427, 19, 81, 0, 0, '2021-11-02 03:15:37'),
(428, 20, 0, 0, 0, '2021-11-02 03:15:37'),
(429, 21, 25.8, 0, 0, '2021-11-02 03:15:37'),
(430, 22, 48, 0, 0, '2021-11-02 03:15:37'),
(431, 23, 0, 0, 0, '2021-11-02 03:15:37'),
(432, 24, 0, 0, 0, '2021-11-02 03:15:37'),
(433, 1, 721.792, 0, 0, '2021-11-02 03:15:38'),
(434, 2, 16.977, 0, 0, '2021-11-02 03:15:38'),
(435, 3, 391.953, 0, 0, '2021-11-02 03:15:38'),
(436, 4, 583.665, 0, 0, '2021-11-02 03:15:38'),
(437, 5, 935.645, 0, 0, '2021-11-02 03:15:38'),
(438, 12, 89, 0, 0, '2021-11-02 03:15:38'),
(439, 13, 2, 0, 0, '2021-11-02 03:15:38'),
(440, 14, 97, 0, 0, '2021-11-02 03:15:38'),
(441, 15, 2, 0, 0, '2021-11-02 03:15:38'),
(442, 18, 1003.42, 0, 0, '2021-11-02 03:15:38'),
(443, 19, 81, 0, 0, '2021-11-02 03:15:38'),
(444, 20, 0, 0, 0, '2021-11-02 03:15:38'),
(445, 21, 25.8, 0, 0, '2021-11-02 03:15:38'),
(446, 22, 48, 0, 0, '2021-11-02 03:15:38'),
(447, 23, 0, 0, 0, '2021-11-02 03:15:38'),
(448, 24, 0, 0, 0, '2021-11-02 03:15:38'),
(449, 1, 721.792, 0, 0, '2021-11-02 03:15:39'),
(450, 2, 11.891, 0, 0, '2021-11-02 03:15:39'),
(451, 3, 391.953, 0, 0, '2021-11-02 03:15:39'),
(452, 4, 583.665, 0, 0, '2021-11-02 03:15:39'),
(453, 5, 936.649, 0, 0, '2021-11-02 03:15:40'),
(454, 12, 80, 0, 0, '2021-11-02 03:15:40'),
(455, 13, 2, 0, 0, '2021-11-02 03:15:40'),
(456, 14, 70, 0, 0, '2021-11-02 03:15:40'),
(457, 15, 2.1, 0, 0, '2021-11-02 03:15:40'),
(458, 18, 1003.42, 0, 0, '2021-11-02 03:15:40'),
(459, 19, 81, 0, 0, '2021-11-02 03:15:40'),
(460, 20, 0, 0, 0, '2021-11-02 03:15:40'),
(461, 21, 25.8, 0, 0, '2021-11-02 03:15:40'),
(462, 22, 48, 0, 0, '2021-11-02 03:15:40'),
(463, 23, 0, 0, 0, '2021-11-02 03:15:40'),
(464, 24, 0, 0, 0, '2021-11-02 03:15:40'),
(465, 1, 721.792, 0, 0, '2021-11-02 03:15:41'),
(466, 2, 16.977, 0, 0, '2021-11-02 03:15:41'),
(467, 3, 391.953, 0, 0, '2021-11-02 03:15:41'),
(468, 4, 586.796, 0, 0, '2021-11-02 03:15:41'),
(469, 5, 936.649, 0, 0, '2021-11-02 03:15:41'),
(470, 12, 80, 0, 0, '2021-11-02 03:15:41'),
(471, 13, 2, 0, 0, '2021-11-02 03:15:41'),
(472, 14, 70, 0, 0, '2021-11-02 03:15:41'),
(473, 15, 2.1, 0, 0, '2021-11-02 03:15:41'),
(474, 18, 1003.42, 0, 0, '2021-11-02 03:15:41'),
(475, 19, 81, 0, 0, '2021-11-02 03:15:41'),
(476, 20, 0, 0, 0, '2021-11-02 03:15:41'),
(477, 21, 25.8, 0, 0, '2021-11-02 03:15:41'),
(478, 22, 48, 0, 0, '2021-11-02 03:15:41'),
(479, 23, 0, 0, 0, '2021-11-02 03:15:41'),
(480, 24, 0, 0, 0, '2021-11-02 03:15:41');

-- --------------------------------------------------------

--
-- Table structure for table `migrations`
--

CREATE TABLE `migrations` (
  `id` bigint(20) UNSIGNED NOT NULL,
  `version` varchar(255) NOT NULL,
  `class` varchar(255) NOT NULL,
  `group` varchar(255) NOT NULL,
  `namespace` varchar(255) NOT NULL,
  `time` int(11) NOT NULL,
  `batch` int(11) UNSIGNED NOT NULL
) ENGINE=InnoDB DEFAULT CHARSET=utf8;

--
-- Dumping data for table `migrations`
--

INSERT INTO `migrations` (`id`, `version`, `class`, `group`, `namespace`, `time`, `batch`) VALUES
(1, '2021-05-02-100939', 'App\\Database\\Migrations\\Configurations', 'default', 'App', 1621484654, 1),
(2, '2021-05-02-101023', 'App\\Database\\Migrations\\Measurements', 'default', 'App', 1621484654, 1),
(3, '2021-05-02-101033', 'App\\Database\\Migrations\\MeasurementLogs', 'default', 'App', 1621484655, 1),
(4, '2021-05-02-101052', 'App\\Database\\Migrations\\Ispu', 'default', 'App', 1621484655, 1),
(5, '2021-05-02-101105', 'App\\Database\\Migrations\\Parameters', 'default', 'App', 1621484655, 1),
(6, '2021-05-02-101127', 'App\\Database\\Migrations\\SerialPorts', 'default', 'App', 1621484655, 1),
(7, '2021-05-02-101151', 'App\\Database\\Migrations\\AGroups', 'default', 'App', 1621484655, 1),
(8, '2021-05-02-101157', 'App\\Database\\Migrations\\AMenu', 'default', 'App', 1621484655, 1),
(9, '2021-05-02-101200', 'App\\Database\\Migrations\\AUsers', 'default', 'App', 1621484655, 1),
(10, '2021-05-02-101313', 'App\\Database\\Migrations\\SensorReaders', 'default', 'App', 1621484655, 1),
(11, '2021-05-02-101324', 'App\\Database\\Migrations\\SensorValues', 'default', 'App', 1621484655, 1),
(12, '2021-05-02-101336', 'App\\Database\\Migrations\\SensorValueLogs', 'default', 'App', 1621484655, 1),
(13, '2021-05-02-131550', 'App\\Database\\Migrations\\MeasurementHistories', 'default', 'App', 1621484656, 1),
(14, '2021-05-05-101829', 'App\\Database\\Migrations\\AlterMeasurements', 'default', 'App', 1621484656, 1),
(15, '2021-05-05-233406', 'App\\Database\\Migrations\\AlterMeasurements20210506', 'default', 'App', 1621484656, 1);

-- --------------------------------------------------------

--
-- Table structure for table `parameters`
--

CREATE TABLE `parameters` (
  `id` int(10) UNSIGNED NOT NULL,
  `code` varchar(20) NOT NULL,
  `caption_id` varchar(100) NOT NULL,
  `caption_en` varchar(100) NOT NULL,
  `default_unit` varchar(10) NOT NULL,
  `molecular_mass` double NOT NULL DEFAULT 0,
  `formula` varchar(255) NOT NULL,
  `is_view` tinyint(4) NOT NULL DEFAULT 0,
  `p_type` varchar(30) NOT NULL DEFAULT 'gas',
  `is_graph` tinyint(4) NOT NULL DEFAULT 0,
  `sensor_value_id` int(11) NOT NULL DEFAULT 0,
  `voltage1` double NOT NULL DEFAULT 0,
  `voltage2` double NOT NULL DEFAULT 0,
  `concentration1` double NOT NULL DEFAULT 0,
  `concentration2` double NOT NULL DEFAULT 0,
  `xtimestamp` timestamp NOT NULL DEFAULT current_timestamp() ON UPDATE current_timestamp()
) ENGINE=InnoDB DEFAULT CHARSET=utf8;

--
-- Dumping data for table `parameters`
--

INSERT INTO `parameters` (`id`, `code`, `caption_id`, `caption_en`, `default_unit`, `molecular_mass`, `formula`, `is_view`, `p_type`, `is_graph`, `sensor_value_id`, `voltage1`, `voltage2`, `concentration1`, `concentration2`, `xtimestamp`) VALUES
(1, 'no2', 'NO<sub>2</sub>', 'NO<sub>2</sub>', 'µg/m<sup>3', 46.01, 'round(abs(explode(\";\",$sensor[2][0])[1]) * 46010 / 24.45,3)', 1, 'gas', 1, 0, 0, 0, 0, 0, '2021-10-28 07:19:54'),
(2, 'o3', 'O<sub>3</sub>', 'O<sub>3</sub>', 'µg/m<sup>3', 48, 'round(abs(explode(\";\",$sensor[2][0])[2])* 48000 / 24.45,3)', 1, 'gas', 1, 0, 0, 0, 0, 0, '2021-10-28 07:20:53'),
(3, 'co', 'CO', 'CO', 'µg/m<sup>3', 28.01, 'round(abs(explode(\";\",$sensor[2][0])[3])* 28010 / 24.45,3)', 1, 'gas', 1, 0, 0, 0, 0, 0, '2021-10-28 07:21:21'),
(4, 'so2', 'SO<sub>2</sub>', 'SO<sub>2</sub>', 'µg/m<sup>3', 64.06, 'round(abs(explode(\";\",$sensor[2][0])[4])* 64060 / 24.45,3)', 1, 'gas', 1, 0, 0, 0, 0, 0, '2021-10-28 07:21:45'),
(5, 'hc', 'HC', 'HC', 'µg/m<sup>3', 13.0186, 'round(abs(explode(\";\",$sensor[1][0])[1])* 13018.6 / 24.45,3)', 1, 'gas', 1, 0, 0, 0, 0, 0, '2021-10-28 07:22:56'),
(6, 'h2s', 'H<sub>2</sub>S', 'H<sub>2</sub>S', 'µg/m<sup>3', 34.08, '', 0, 'gas', 0, 0, 0, 0, 0, 0, '2021-05-20 04:25:20'),
(7, 'cs2', 'CS<sub>2</sub>', 'CS<sub>2</sub>', 'µg/m<sup>3', 76.1407, '', 0, 'gas', 0, 0, 0, 0, 0, 0, '2021-05-20 04:25:20'),
(8, 'nh3', 'NH<sub>3</sub>', 'NH<sub>3</sub>', 'µg/m<sup>3', 76.1407, '', 0, 'gas', 0, 0, 0, 0, 0, 0, '2021-05-20 04:25:20'),
(9, 'ch4', 'CH<sub>4</sub>', 'CH<sub>4</sub>', 'µg/m<sup>3', 16.04, '', 0, 'gas', 0, 0, 0, 0, 0, 0, '2021-05-20 04:25:20'),
(10, 'voc', 'VOC', 'VOC', 'µg/m<sup>3', 78.9516, '', 0, 'gas', 0, 0, 0, 0, 0, 0, '2021-05-20 04:25:20'),
(11, 'nmhc', 'NMHC', 'NMHC', 'µg/m<sup>3', 110, '', 0, 'gas', 0, 0, 0, 0, 0, 0, '2021-05-20 04:25:20'),
(12, 'pm25', 'PM2.5', 'PM2.5', 'µg/m<sup>3', 0, 'str_replace(\"000.0\",\"\",explode(\";\",$sensor[3][0])[1]) * 1', 1, 'particulate', 1, 0, 0, 0, 0, 0, '2021-09-16 06:34:12'),
(13, 'pm25_flow', 'PM2.5 Flow', 'PM2.5 Flow', 'l/mnt', 0, 'explode(\";\",$sensor[3][0])[2] * 1', 1, 'particulate_flow', 1, 0, 0, 0, 0, 0, '2021-09-16 06:35:17'),
(14, 'pm10', 'PM10', 'PM10', 'µg/m<sup>3', 0, 'str_replace(\"000.0\",\"\",explode(\";\",$sensor[3][0])[3]) * 1', 1, 'particulate', 1, 0, 0, 0, 0, 0, '2021-09-16 06:33:52'),
(15, 'pm10_flow', 'PM10 Flow', 'PM10 Flow', 'l/mnt', 0, 'explode(\";\",$sensor[3][0])[4] * 1', 1, 'particulate_flow', 1, 0, 0, 0, 0, 0, '2021-09-16 06:35:25'),
(16, 'tsp', 'TSP', 'TSP', 'µg/m<sup>3', 0, '', 0, 'particulate', 0, 0, 0, 0, 0, 0, '2021-05-20 04:25:20'),
(17, 'tsp_flow', 'TSP Flow', 'TSP Flow', 'l/mnt', 0, '', 0, 'particulate_flow', 0, 0, 0, 0, 0, 0, '2021-05-20 04:25:20'),
(18, 'pressure', 'Tekanan', 'Barometer', 'MBar', 0, 'round((explode(\";\",$sensor[6][0])[2] * 33.8639),2)', 1, 'weather', 0, 0, 0, 0, 0, 0, '2021-05-31 03:57:06'),
(19, 'wd', 'Arah angin', 'Wind Direction', '°', 0, 'explode(\";\",$sensor[6][0])[8]', 1, 'weather', 0, 0, 0, 0, 0, 0, '2021-05-31 03:57:29'),
(20, 'ws', 'Kec. Angin', 'Wind Speed', 'Km/h', 0, 'explode(\";\",$sensor[6][0])[6]', 1, 'weather', 0, 0, 0, 0, 0, 0, '2021-05-31 03:57:42'),
(21, 'temperature', 'Suhu', 'Temperature', '°C', 0, 'round((explode(\";\",$sensor[6][0])[5] - 32) * 5/9,1)', 1, 'weather', 0, 0, 0, 0, 0, 0, '2021-09-16 05:40:45'),
(22, 'humidity', 'Kelembaban', 'Humidity', '%', 0, 'explode(\";\",$sensor[6][0])[9]', 1, 'weather', 0, 0, 0, 0, 0, 0, '2021-05-31 03:58:07'),
(23, 'sr', 'Solar Radiasi', 'Solar Radiation', 'watt/m2', 0, 'explode(\";\",$sensor[6][0])[12]', 1, 'weather', 0, 0, 0, 0, 0, 0, '2021-05-31 03:58:18'),
(24, 'rain_intensity', 'Curah Hujan', 'Rain Rate', 'mm/h', 0, 'explode(\";\",$sensor[6][0])[15]', 1, 'weather', 0, 0, 0, 0, 0, 0, '2021-05-31 03:58:33'),
(25, 'pm10_bar', 'Tekanan', 'Barometer', 'MBar', 0, '', 0, 'weather', 0, 0, 0, 0, 0, 0, '2021-05-20 04:25:20'),
(26, 'pm10_humid', 'Kelembaban', 'Humidity', '%', 0, '', 0, 'weather', 0, 0, 0, 0, 0, 0, '2021-05-20 04:25:20'),
(27, 'pm10_temp', 'Suhu', 'Temperature', '°C', 0, '', 0, 'weather', 0, 0, 0, 0, 0, 0, '2021-05-20 04:25:20'),
(28, 'pm25_bar', 'Tekanan', 'Barometer', 'MBar', 0, '', 0, 'weather', 0, 0, 0, 0, 0, 0, '2021-05-20 04:25:20'),
(29, 'pm25_humid', 'Kelembaban', 'Humidity', '%', 0, '', 0, 'weather', 0, 0, 0, 0, 0, 0, '2021-05-20 04:25:20'),
(30, 'pm25_temp', 'Suhu', 'Temperature', '°C', 0, '', 0, 'weather', 0, 0, 0, 0, 0, 0, '2021-05-20 04:25:20');

-- --------------------------------------------------------

--
-- Table structure for table `sensor_readers`
--

CREATE TABLE `sensor_readers` (
  `id` int(10) UNSIGNED NOT NULL,
  `driver` varchar(50) NOT NULL,
  `sensor_code` varchar(30) NOT NULL,
  `baud_rate` varchar(100) NOT NULL,
  `pins` varchar(200) NOT NULL,
  `xtimestamp` timestamp NOT NULL DEFAULT current_timestamp() ON UPDATE current_timestamp()
) ENGINE=InnoDB DEFAULT CHARSET=utf8;

--
-- Dumping data for table `sensor_readers`
--

INSERT INTO `sensor_readers` (`id`, `driver`, `sensor_code`, `baud_rate`, `pins`, `xtimestamp`) VALUES
(1, 'fs2_membrasens_v4.py', '/dev/ttyUSB3', '19200', '', '2021-10-28 06:12:26'),
(2, 'fs2_membrasens_v4.py', '/dev/ttyUSB4', '19200', '', '2021-10-28 06:12:33'),
(3, 'fs2_analyzer_module.py', '/dev/ttyUSB2', '9600', '', '2021-10-28 04:13:31'),
(4, 'fs2_pump_module.py', '/dev/ttyUSB0', '9600', '', '2021-10-28 04:14:59'),
(5, 'fs2_psu_module.py', '/dev/ttyUSB1', '9600', '', '2021-10-28 04:17:55'),
(6, 'vantagepro2.py', '/dev/ttyUSB5', '19200', '', '2021-10-27 11:53:58');

-- --------------------------------------------------------

--
-- Table structure for table `sensor_values`
--

CREATE TABLE `sensor_values` (
  `id` int(10) UNSIGNED NOT NULL,
  `sensor_reader_id` int(11) NOT NULL DEFAULT 0,
  `pin` int(11) NOT NULL DEFAULT 0,
  `value` text NOT NULL DEFAULT '',
  `xtimestamp` timestamp NOT NULL DEFAULT current_timestamp() ON UPDATE current_timestamp()
) ENGINE=InnoDB DEFAULT CHARSET=utf8;

--
-- Dumping data for table `sensor_values`
--

INSERT INTO `sensor_values` (`id`, `sensor_reader_id`, `pin`, `value`, `xtimestamp`) VALUES
(1, 1, 0, 'FS2_MEMBRASENS;-1.7591034173965454;0;0;0;0.5004432201385498;0.49962499737739563;0.11979217082262039;0.05040435492992401;27.560733795166016;0;0;0;END;', '2021-11-02 03:15:40'),
(2, 2, 0, 'FS2_MEMBRASENS;-0.3835650086402893;-0.008647684007883072;-0.3421364426612854;-0.22396425902843475;0;0.500715970993042;1.6744173765182495;1.674853801727295;27.971464157104492;27.55431365966797;27.612075805664062;27.791763305664062;END;', '2021-11-02 03:15:41'),
(3, 3, 0, 'b\'FS2_ANALYZER;000.070;2.1;000.070;2.0;935;27.33;50.88;27.88;51.14;\r\n\'', '2021-11-02 03:15:41'),
(4, 6, 0, '2021-11-02 10:15:42.172812;0;29.631;81.6;45;78.5;0;0;81;48;0.0;0;0;0.0;2127-15-31;0.0;0.15;0.15;0.024;0.0;0.0;0;4.8046875;3;192;07:24;17:02;0;0;0;0;0', '2021-11-02 03:15:42'),
(5, 4, 0, 'b\'FS2_PUMP;3;127;102;29.21;44.98;\r\n\'', '2021-11-02 03:15:41');

-- --------------------------------------------------------

--
-- Table structure for table `sensor_value_logs`
--

CREATE TABLE `sensor_value_logs` (
  `id` bigint(20) UNSIGNED NOT NULL,
  `sensor_value_id` int(11) NOT NULL DEFAULT 0,
  `value` varchar(255) NOT NULL DEFAULT '',
  `xtimestamp` timestamp NOT NULL DEFAULT current_timestamp() ON UPDATE current_timestamp()
) ENGINE=InnoDB DEFAULT CHARSET=utf8;

-- --------------------------------------------------------

--
-- Table structure for table `serial_ports`
--

CREATE TABLE `serial_ports` (
  `id` int(10) UNSIGNED NOT NULL,
  `port` varchar(20) NOT NULL,
  `description` varchar(100) NOT NULL,
  `is_used` tinyint(4) NOT NULL DEFAULT 0,
  `xtimestamp` timestamp NOT NULL DEFAULT current_timestamp() ON UPDATE current_timestamp()
) ENGINE=InnoDB DEFAULT CHARSET=utf8;

--
-- Indexes for dumped tables
--

--
-- Indexes for table `a_groups`
--
ALTER TABLE `a_groups`
  ADD PRIMARY KEY (`id`);

--
-- Indexes for table `a_menu`
--
ALTER TABLE `a_menu`
  ADD PRIMARY KEY (`id`),
  ADD KEY `parent_id` (`parent_id`);

--
-- Indexes for table `a_users`
--
ALTER TABLE `a_users`
  ADD PRIMARY KEY (`id`),
  ADD KEY `group_id` (`group_id`);

--
-- Indexes for table `configurations`
--
ALTER TABLE `configurations`
  ADD PRIMARY KEY (`id`),
  ADD KEY `name` (`name`);

--
-- Indexes for table `ispu`
--
ALTER TABLE `ispu`
  ADD PRIMARY KEY (`id`),
  ADD KEY `ispu_at` (`ispu_at`),
  ADD KEY `parameter_id` (`parameter_id`);

--
-- Indexes for table `measurements`
--
ALTER TABLE `measurements`
  ADD PRIMARY KEY (`id`),
  ADD UNIQUE KEY `time_group_parameter_id` (`time_group`,`parameter_id`),
  ADD KEY `is_sent_cloud` (`is_sent_cloud`),
  ADD KEY `is_sent_klhk` (`is_sent_klhk`);

--
-- Indexes for table `measurement_histories`
--
ALTER TABLE `measurement_histories`
  ADD PRIMARY KEY (`id`),
  ADD KEY `parameter_id` (`parameter_id`),
  ADD KEY `is_averaged` (`is_averaged`);

--
-- Indexes for table `measurement_logs`
--
ALTER TABLE `measurement_logs`
  ADD PRIMARY KEY (`id`),
  ADD KEY `parameter_id` (`parameter_id`),
  ADD KEY `is_averaged` (`is_averaged`);

--
-- Indexes for table `migrations`
--
ALTER TABLE `migrations`
  ADD PRIMARY KEY (`id`);

--
-- Indexes for table `parameters`
--
ALTER TABLE `parameters`
  ADD PRIMARY KEY (`id`),
  ADD KEY `code` (`code`);

--
-- Indexes for table `sensor_readers`
--
ALTER TABLE `sensor_readers`
  ADD PRIMARY KEY (`id`);

--
-- Indexes for table `sensor_values`
--
ALTER TABLE `sensor_values`
  ADD PRIMARY KEY (`id`),
  ADD KEY `sensor_reader_id` (`sensor_reader_id`),
  ADD KEY `pin` (`pin`);

--
-- Indexes for table `sensor_value_logs`
--
ALTER TABLE `sensor_value_logs`
  ADD PRIMARY KEY (`id`),
  ADD KEY `sensor_value_id` (`sensor_value_id`);

--
-- Indexes for table `serial_ports`
--
ALTER TABLE `serial_ports`
  ADD PRIMARY KEY (`id`);

--
-- AUTO_INCREMENT for dumped tables
--

--
-- AUTO_INCREMENT for table `a_groups`
--
ALTER TABLE `a_groups`
  MODIFY `id` int(10) UNSIGNED NOT NULL AUTO_INCREMENT, AUTO_INCREMENT=3;

--
-- AUTO_INCREMENT for table `a_menu`
--
ALTER TABLE `a_menu`
  MODIFY `id` int(10) UNSIGNED NOT NULL AUTO_INCREMENT, AUTO_INCREMENT=6;

--
-- AUTO_INCREMENT for table `a_users`
--
ALTER TABLE `a_users`
  MODIFY `id` int(10) UNSIGNED NOT NULL AUTO_INCREMENT, AUTO_INCREMENT=4;

--
-- AUTO_INCREMENT for table `configurations`
--
ALTER TABLE `configurations`
  MODIFY `id` int(10) UNSIGNED NOT NULL AUTO_INCREMENT, AUTO_INCREMENT=23;

--
-- AUTO_INCREMENT for table `ispu`
--
ALTER TABLE `ispu`
  MODIFY `id` int(10) UNSIGNED NOT NULL AUTO_INCREMENT;

--
-- AUTO_INCREMENT for table `measurements`
--
ALTER TABLE `measurements`
  MODIFY `id` bigint(20) UNSIGNED NOT NULL AUTO_INCREMENT, AUTO_INCREMENT=13081;

--
-- AUTO_INCREMENT for table `measurement_histories`
--
ALTER TABLE `measurement_histories`
  MODIFY `id` bigint(20) UNSIGNED NOT NULL AUTO_INCREMENT;

--
-- AUTO_INCREMENT for table `measurement_logs`
--
ALTER TABLE `measurement_logs`
  MODIFY `id` bigint(20) UNSIGNED NOT NULL AUTO_INCREMENT, AUTO_INCREMENT=481;

--
-- AUTO_INCREMENT for table `migrations`
--
ALTER TABLE `migrations`
  MODIFY `id` bigint(20) UNSIGNED NOT NULL AUTO_INCREMENT, AUTO_INCREMENT=16;

--
-- AUTO_INCREMENT for table `parameters`
--
ALTER TABLE `parameters`
  MODIFY `id` int(10) UNSIGNED NOT NULL AUTO_INCREMENT, AUTO_INCREMENT=31;

--
-- AUTO_INCREMENT for table `sensor_readers`
--
ALTER TABLE `sensor_readers`
  MODIFY `id` int(10) UNSIGNED NOT NULL AUTO_INCREMENT, AUTO_INCREMENT=9;

--
-- AUTO_INCREMENT for table `sensor_values`
--
ALTER TABLE `sensor_values`
  MODIFY `id` int(10) UNSIGNED NOT NULL AUTO_INCREMENT, AUTO_INCREMENT=6;

--
-- AUTO_INCREMENT for table `sensor_value_logs`
--
ALTER TABLE `sensor_value_logs`
  MODIFY `id` bigint(20) UNSIGNED NOT NULL AUTO_INCREMENT;

--
-- AUTO_INCREMENT for table `serial_ports`
--
ALTER TABLE `serial_ports`
  MODIFY `id` int(10) UNSIGNED NOT NULL AUTO_INCREMENT;
COMMIT;

/*!40101 SET CHARACTER_SET_CLIENT=@OLD_CHARACTER_SET_CLIENT */;
/*!40101 SET CHARACTER_SET_RESULTS=@OLD_CHARACTER_SET_RESULTS */;
/*!40101 SET COLLATION_CONNECTION=@OLD_COLLATION_CONNECTION */;
